index,movieTitle,slug,releaseYear
1,The Lost Boys,the-lost-boys-1987,1987
2,Lights Out,lights-out-2016,2016
3,Angst,angst-1983,1983
4,Deep Red,deep-red-1975,1975
5,Häxan,haxan-1922,1922
6,Creep,creep-2014,2014
7,Mute Witness,mute-witness-1995,1995
8,The Tenant,the-tenant-1976,1976
9,Trick 'r Treat,trick-r-treat-2007,2007
10,The Brood,the-brood-1979,1979
11,The Cat o' Nine Tails,the-cat-o-nine-tails-1971,1971
12,Ju-on: The Grudge,ju-on-the-grudge-2002,2002
13,Blood and Black Lace,blood-and-black-lace-1964,1964
14,Night of the Comet,night-of-the-comet-1984,1984
15,Planet Terror,planet-terror-2007,2007
16,Basket Case,basket-case-1982,1982
17,The Howling,the-howling-1981,1981
18,Eden Lake,eden-lake-2008,2008
19,Phenomena,phenomena-1985,1985
20,The Mist,the-mist-2007,2007
21,Christine,christine-1983,1983
22,Project Hail Mary,project-hail-mary,2026
23,Capernaum,capernaum,2018
24,Singin' in the Rain,singin-in-the-rain,1952
25,Joker,joker,2019
26,Once Upon a Time in America,once-upon-a-time-in-america,1984
27,Come and See,come-and-see,1985
28,Star Wars: Episode VI - Return of the Jedi,star-wars-episode-vi-return-of-the-jedi,1983
29,Requiem for a Dream,requiem-for-a-dream,2000
30,Toy Story 3,toy-story-3,2010
31,Ikiru,ikiru,1952
32,The Hunt,the-hunt,2012
33,Incendies,incendies,2010
34,Eternal Sunshine of the Spotless Mind,eternal-sunshine-of-the-spotless-mind,2004
35,The Apartment,the-apartment,1960
36,Lawrence of Arabia,lawrence-of-arabia,1962
37,Heat,heat,1995
38,2001: A Space Odyssey,2001-a-space-odyssey,1968
39,Reservoir Dogs,reservoir-dogs,1992
40,Scarface,scarface,1983
41,Double Indemnity,double-indemnity,1944
42,Up,up,2009
43,North by Northwest,north-by-northwest,1959
44,Like Stars on Earth,like-stars-on-earth,2007
45,Full Metal Jacket,full-metal-jacket,1987
46,M,m,1931
47,Amélie,am-lie,2001
48,Citizen Kane,citizen-kane,1941
49,Vertigo,vertigo,1958
50,A Separation,a-separation,2011
51,Die Hard,die-hard,1988
52,To Kill a Mockingbird,to-kill-a-mockingbird,1962
53,Indiana Jones and the Last Crusade,indiana-jones-and-the-last-crusade,1989
54,The Sting,the-sting,1973
55,A Clockwork Orange,a-clockwork-orange,1971
56,Metropolis,metropolis,1927
57,1917,1917,2019
58,Snatch,snatch,2000
59,L.A. Confidential,l-a-confidential,1997
60,Downfall,downfall,2004
61,The Wolf of Wall Street,the-wolf-of-wall-street,2013
62,Dangal,dangal,2016
63,The Truman Show,the-truman-show,1998
64,Bicycle Thieves,bicycle-thieves,1948
65,Oppenheimer,oppenheimer,2023
66,Green Book,green-book,2018
67,Shutter Island,shutter-island,2010
68,Judgment at Nuremberg,judgment-at-nuremberg,1961
69,Batman Begins,batman-begins,2005
70,Hamilton,hamilton,2020
71,For a Few Dollars More,for-a-few-dollars-more,1965
72,Taxi Driver,taxi-driver,1976
73,Jurassic Park,jurassic-park,1993
74,Some Like It Hot,some-like-it-hot,1959
75,There Will Be Blood,there-will-be-blood,2007
76,The Kid,the-kid,1921
77,The Father,the-father,2020
78,All About Eve,all-about-eve,1950
79,The Sixth Sense,the-sixth-sense,1999
80,Ran,ran,1985
81,Casino,casino,1995
82,No Country for Old Men,no-country-for-old-men,2007
83,The Thing,the-thing,1982
84,Top Gun: Maverick,top-gun-maverick,2022
85,Prisoners,prisoners,2013
86,I Swear,i-swear,
87,Kill Bill: Vol. 1,kill-bill-vol-1,2003
88,Pan's Labyrinth,pan-s-labyrinth,2006
89,Unforgiven,unforgiven,1992
90,A Beautiful Mind,a-beautiful-mind,2001
91,The Treasure of the Sierra Madre,the-treasure-of-the-sierra-madre,1948
92,Howl's Moving Castle,howl-s-moving-castle,2004
93,Finding Nemo,finding-nemo,2003
94,Klaus,klaus,2019
95,Yojimbo,yojimbo,1961
96,The Great Escape,the-great-escape,1963
97,The Elephant Man,the-elephant-man,1980
98,Monty Python and the Holy Grail,monty-python-and-the-holy-grail,1975
99,Dial M for Murder,dial-m-for-murder,1954
100,The Best of Youth,the-best-of-youth,2003
101,Demon Slayer: Kimetsu No Yaiba Infinity Castle,demon-slayer-kimetsu-no-yaiba-infinity-castle,2025
102,The Secret in Their Eyes,the-secret-in-their-eyes,2009
103,Gone with the Wind,gone-with-the-wind,1939
104,Chinatown,chinatown,1974
105,"Lock, Stock and Two Smoking Barrels",lock-stock-and-two-smoking-barrels,1998
106,V for Vendetta,v-for-vendetta,2005
107,Catch Me If You Can,catch-me-if-you-can,2002
108,Inside Out,inside-out,2015
109,Rashomon,rashomon,1950
110,"Three Billboards Outside Ebbing, Missouri",three-billboards-outside-ebbing-missouri,2017
111,Trainspotting,trainspotting,1996
112,The Bridge on the River Kwai,the-bridge-on-the-river-kwai,1957
113,Harry Potter and the Deathly Hallows: Part 2,harry-potter-and-the-deathly-hallows-part-2,2011
114,Dead Poets Society,dead-poets-society,1989
115,The Wild Robot,the-wild-robot,2024
116,Warrior,warrior,2011
117,Barry Lyndon,barry-lyndon,1975
118,Fargo,fargo,1996
119,Ben-Hur,ben-hur,1959
120,Raging Bull,raging-bull,1980
121,The Chaos Class Failed the Class,the-chaos-class-failed-the-class,1975
122,Million Dollar Baby,million-dollar-baby,2004
123,Mad Max: Fury Road,mad-max-fury-road,2015
124,Children of Heaven,children-of-heaven,1997
125,Hacksaw Ridge,hacksaw-ridge,2016
126,My Neighbor Totoro,my-neighbor-totoro,1988
127,Gran Torino,gran-torino,2008
128,Ratatouille,ratatouille,2007
129,12 Years a Slave,12-years-a-slave,2013
130,The Grand Budapest Hotel,the-grand-budapest-hotel,2014
131,Before Sunrise,before-sunrise,1995
132,Memories of Murder,memories-of-murder,2003
133,Blade Runner,blade-runner,1982
134,How to Train Your Dragon,how-to-train-your-dragon,2010
135,Spider-Man: No Way Home,spider-man-no-way-home,2021
136,Gone Girl,gone-girl,2014
137,"Monsters, Inc.",monsters-inc,2001
138,Jaws,jaws,1975
139,In the Name of the Father,in-the-name-of-the-father,1993
140,Ford v Ferrari,ford-v-ferrari,2019
141,Wild Tales,wild-tales,2014
142,The Gold Rush,the-gold-rush,1925
143,Mary and Max,mary-and-max,2009
144,Sherlock Jr.,sherlock-jr,1924
145,The Deer Hunter,the-deer-hunter,1978
146,The Wages of Fear,the-wages-of-fear,1953
147,The General,the-general,1926
148,Logan,logan,2017
149,Rocky,rocky,1976
150,Mr. Smith Goes to Washington,mr-smith-goes-to-washington,1939
151,Tokyo Story,tokyo-story,1953
152,On the Waterfront,on-the-waterfront,1954
153,Pirates of the Caribbean: The Curse of the Black Pearl,pirates-of-the-caribbean-the-curse-of-the-black-pearl,2003
154,A Silent Voice: The Movie,a-silent-voice-the-movie,2016
155,Wild Strawberries,wild-strawberries,1957
156,Spotlight,spotlight,2015
157,La haine,la-haine,1995
158,The Terminator,the-terminator,1984
159,Jai Bhim,jai-bhim,2021
160,The Sound of Music,the-sound-of-music,1965
161,Maharaja,maharaja,2024
162,The Third Man,the-third-man,1949
163,The Big Lebowski,the-big-lebowski,1998
164,The Best Years of Our Lives,the-best-years-of-our-lives,1946
165,The Seventh Seal,the-seventh-seal,1957
166,Before Sunset,before-sunset,2004
167,Chainsaw Man - The Movie: Reze Arc,chainsaw-man-the-movie-reze-arc,2025
168,Room,room,2015
169,Hotel Rwanda,hotel-rwanda,2004
170,The Incredibles,the-incredibles,2004
171,Platoon,platoon,1986
172,Hachi: A Dog's Tale,hachi-a-dog-s-tale,2009
173,The Exorcist,the-exorcist,1973
174,Rush,rush,2013
175,The Iron Giant,the-iron-giant,1999
176,The Wizard of Oz,the-wizard-of-oz,1939
177,Stand by Me,stand-by-me,1986
178,The Passion of Joan of Arc,the-passion-of-joan-of-arc,1928
179,My Father and My Son,my-father-and-my-son,2005
180,The Battle of Algiers,the-battle-of-algiers,1966
181,The Handmaiden,the-handmaiden,2016
182,Network,network,1976
183,Drishyam,drishyam,2015
184,Gangs of Wasseypur,gangs-of-wasseypur,2012
185,The Grapes of Wrath,the-grapes-of-wrath,1940
186,Harakiri,harakiri,1962
187,The Departed,the-departed,2006
188,Whiplash,whiplash,2014
189,Kill Bill: The Whole Bloody Affair,kill-bill-the-whole-bloody-affair,2004
190,The Prestige,the-prestige,2006
191,American History X,american-history-x,1998
192,Léon: The Professional,l-on-the-professional,1994
193,Spider-Man: Across the Spider-Verse,spider-man-across-the-spider-verse,2023
194,Cinema Paradiso,cinema-paradiso,1988
195,Casablanca,casablanca,1942
196,The Intouchables,the-intouchables,2011
197,The Usual Suspects,the-usual-suspects,1995
198,Alien,alien,1979
199,Django Unchained,django-unchained,2012
200,Modern Times,modern-times,1936
201,Rear Window,rear-window,1954
202,Once Upon a Time in the West,once-upon-a-time-in-the-west,1968
203,City Lights,city-lights,1931
204,Apocalypse Now,apocalypse-now,1979
205,WALL·E,wall-e,2008
206,Memento,memento,2000
207,Dune: Part Two,dune-part-two,2024
208,Raiders of the Lost Ark,raiders-of-the-lost-ark,1981
209,Avengers: Infinity War,avengers-infinity-war,2018
210,The Lives of Others,the-lives-of-others,2006
211,Spider-Man: Into the Spider-Verse,spider-man-into-the-spider-verse,2018
212,Sunset Boulevard,sunset-boulevard,1950
213,Witness for the Prosecution,witness-for-the-prosecution,1957
214,Paths of Glory,paths-of-glory,1957
215,The Shining,the-shining,1980
216,The Great Dictator,the-great-dictator,1940
217,Inglourious Basterds,inglourious-basterds,2009
218,Aliens,aliens,1986
219,High and Low,high-and-low,1963
220,Good Will Hunting,good-will-hunting,1997
221,Avengers: Endgame,avengers-endgame,2019
222,The Dark Knight Rises,the-dark-knight-rises,2012
223,Coco,coco,2017
224,Amadeus,amadeus,1984
225,Toy Story,toy-story,1995
226,Your Name.,your-name,2016
227,Das Boot,das-boot,1981
228,Oldboy,oldboy,2003
229,Braveheart,braveheart,1995
230,Princess Mononoke,princess-mononoke,1997
231,Dr. Strangelove,dr-strangelove,1964
232,3 Idiots,3-idiots,2009
233,American Beauty,american-beauty,1999
234,The Batman,the-batman,2022
235,Terrifier 3,terrifier-3,2024
236,Next Review Slot,next-review-slot,
237,Jacob's Ladder,jacobs-ladder-1990,1990
238,The Ring,the-ring-2002,2002
239,Eraserhead,eraserhead-1977,1977
240,Black Swan,black-swan-2010,2010
241,Repulsion,repulsion-1965,1965
242,Psycho,psycho-1960,1960
243,The Others,the-others-2001,2001
244,Misery,misery-1990,1990
245,The Babadook,the-babadook-2014,2014
246,Sinister,sinister-2012,2012
247,Mother!,mother-2017,2017
248,Mulholland Drive,mulholland-drive-2001,2001
249,Rosemary's Baby,rosemarys-baby-1968,1968
250,Saw,saw-2004,2004
251,1408,1408-2007,2007
252,The Lighthouse,the-lighthouse-2019,2019
253,The Omen,the-omen-1976,1976
254,Hereditary,hereditary-2018,2018
255,A Tale of Two Sisters,a-tale-of-two-sisters-2003,2003
256,The Grudge,the-grudge-2004,2004
257,Suspiria,suspiria-1977,1977
258,The Blair Witch Project,the-blair-witch-project-1999,1999
259,Videodrome,videodrome-1983,1983
260,The Skin I Live In,the-skin-i-live-in-2011,2011
261,The Haunting,the-haunting-1963,1963
262,Raw,raw-2016,2016
263,The Orphanage,the-orphanage-2007,2007
264,Goodnight Mommy,goodnight-mommy-2014,2014
265,In the Mouth of Madness,in-the-mouth-of-madness-1994,1994
266,Possession,possession-1981,1981
267,Don't Look Now,dont-look-now-1973,1973
268,Pi,pi-1998,1998
269,The Neon Demon,the-neon-demon-2016,2016
270,The Witch,the-witch-2015,2015
271,Session 9,session-9-2001,2001
272,Funny Games,funny-games-1997,1997
273,Halloween,halloween-1978,1978
274,A Nightmare on Elm Street,a-nightmare-on-elm-street-1984,1984
275,The Texas Chain Saw Massacre,the-texas-chain-saw-massacre-1974,1974
276,Scream,scream-1996,1996
277,Candyman,candyman-1992,1992
278,Child's Play,childs-play-1988,1988
279,Hellraiser,hellraiser-1987,1987
280,The Fly,the-fly-1986,1986
281,Re-Animator,re-animator-1985,1985
282,An American Werewolf in London,an-american-werewolf-in-london-1981,1981
283,Poltergeist,poltergeist-1982,1982
284,Dawn of the Dead,dawn-of-the-dead-1978,1978
285,Night of the Living Dead,night-of-the-living-dead-1968,1968
286,Day of the Dead,day-of-the-dead-1985,1985
287,The Return of the Living Dead,the-return-of-the-living-dead-1985,1985
288,28 Days Later,28-days-later-2002,2002
289,28 Weeks Later,28-weeks-later-2007,2007
290,REC,rec-2007,2007
291,REC 2,rec-2-2009,2009
292,Train to Busan,train-to-busan-2016,2016
293,Let the Right One In,let-the-right-one-in-2008,2008
294,Let Me In,let-me-in-2010,2010
295,It Follows,it-follows-2014,2014
296,Get Out,get-out-2017,2017
297,Us,us-2019,2019
298,Nope,nope-2022,2022
299,Talk to Me,talk-to-me-2022,2022
300,Barbarian,barbarian-2022,2022
301,The Cabin in the Woods,the-cabin-in-the-woods-2011,2011
302,X,x-2022,2022
303,Pearl,pearl-2022,2022
304,Doctor Sleep,doctor-sleep-2019,2019
305,It,it-2017,2017
306,Carrie,carrie-1976,1976
307,The Evil Dead,the-evil-dead-1981,1981
308,Evil Dead II,evil-dead-ii-1987,1987
309,Evil Dead,evil-dead-2013,2013
310,Dead Alive,dead-alive-1992,1992
311,From Beyond,from-beyond-1986,1986
312,The Wicker Man,the-wicker-man-1973,1973
313,The Descent,the-descent-2005,2005
314,Dog Soldiers,dog-soldiers-2002,2002
315,Audition,audition-1999,1999
316,Ringu,ringu-1998,1998
317,Pulse,pulse-2001,2001
318,Cure,cure-1997,1997
319,House,house-1977,1977
320,Noroi: The Curse,noroi-the-curse-2005,2005
321,Shutter,shutter-2004,2004
322,Lake Mungo,lake-mungo-2008,2008
323,Paranormal Activity,paranormal-activity-2007,2007
324,Insidious,insidious-2010,2010
325,The Conjuring,the-conjuring-2013,2013
326,The Conjuring 2,the-conjuring-2-2016,2016
327,Annabelle: Creation,annabelle-creation-2017,2017
328,Ouija: Origin of Evil,ouija-origin-of-evil-2016,2016
329,Final Destination,final-destination-2000,2000
330,Final Destination 2,final-destination-2-2003,2003
331,Wrong Turn,wrong-turn-2003,2003
332,The Hills Have Eyes,the-hills-have-eyes-2006,2006
333,The House of the Devil,the-house-of-the-devil-2009,2009
334,The Blackcoat's Daughter,the-blackcoats-daughter-2015,2015
335,The Invitation,the-invitation-2015,2015
336,Under the Shadow,under-the-shadow-2016,2016
337,The Wailing,the-wailing-2016,2016
338,I Saw the Devil,i-saw-the-devil-2010,2010
339,The Devil's Backbone,the-devils-backbone-2001,2001
340,Cronos,cronos-1993,1993
341,The Void,the-void-2016,2016
342,Color Out of Space,color-out-of-space-2019,2019
343,Mandy,mandy-2018,2018
344,Hell House LLC,hell-house-llc-2015,2015
345,"As Above, So Below",as-above-so-below-2014,2014
346,Grave Encounters,grave-encounters-2011,2011
347,The Poughkeepsie Tapes,the-poughkeepsie-tapes-2007,2007
348,Creep 2,creep-2-2017,2017
349,You're Next,youre-next-2011,2011
350,Hush,hush-2016,2016
351,Oculus,oculus-2013,2013
352,Gerald's Game,geralds-game-2017,2017
353,The Autopsy of Jane Doe,the-autopsy-of-jane-doe-2016,2016
354,The Taking of Deborah Logan,the-taking-of-deborah-logan-2014,2014
355,Host,host-2020,2020
356,Smile,smile-2022,2022
357,When Evil Lurks,when-evil-lurks-2023,2023
358,Terrifier,terrifier-2016,2016
359,Terrifier 2,terrifier-2-2022,2022
360,Longlegs,longlegs-2024,2024
361,The Substance,the-substance-2024,2024
362,Midsommar,midsommar-2019,2019
363,Saint Maud,saint-maud-2019,2019
364,Relic,relic-2020,2020
365,His House,his-house-2020,2020
366,The Invisible Man,the-invisible-man-2020,2020
367,The Menu,the-menu-2022,2022
368,Fresh,fresh-2022,2022
369,Titane,titane-2021,2021
370,The First Omen,the-first-omen-2024,2024
371,Late Night with the Devil,late-night-with-the-devil-2023,2023
372,Speak No Evil,speak-no-evil-2022,2022
373,Deadstream,deadstream-2022,2022
374,Hellbound: Hellraiser II,hellbound-hellraiser-ii-1988,1988
375,The People Under the Stairs,the-people-under-the-stairs-1991,1991
376,Black Christmas,black-christmas-1974,1974
377,My Bloody Valentine,my-bloody-valentine-1981,1981
378,Friday the 13th,friday-the-13th-1980,1980
379,Friday the 13th Part VI: Jason Lives,friday-the-13th-part-vi-jason-lives-1986,1986
380,The House That Jack Built,the-house-that-jack-built-2018,2018
381,Martyrs,martyrs-2008,2008
382,Inside,inside-2007,2007
383,High Tension,high-tension-2003,2003
384,The Sadness,the-sadness-2021,2021
385,Possessor,possessor-2020,2020
386,Green Room,green-room-2015,2015
387,Bone Tomahawk,bone-tomahawk-2015,2015
388,Event Horizon,event-horizon-1997,1997
389,The Changeling,the-changeling-1980,1980
390,Salem's Lot,salems-lot-1979,1979
391,Fright Night,fright-night-1985,1985
392,Near Dark,near-dark-1987,1987
393,Tremors,tremors-1990,1990
394,Slither,slither-2006,2006
395,Drag Me to Hell,drag-me-to-hell-2009,2009
396,The Frighteners,the-frighteners-1996,1996
397,The Faculty,the-faculty-1998,1998
398,Ginger Snaps,ginger-snaps-2000,2000
399,Orphan,orphan-2009,2009
400,The Strangers,the-strangers-2008,2008
401,Vacancy,vacancy-2007,2007
402,The Collector,the-collector-2009,2009
403,The Loved Ones,the-loved-ones-2009,2009
404,The Empty Man,the-empty-man-2020,2020
405,Apostle,apostle-2018,2018
406,Overlord,overlord-2018,2018
407,A Quiet Place,a-quiet-place-2018,2018
408,A Quiet Place Part II,a-quiet-place-part-ii-2020,2020
409,The Ritual,the-ritual-2017,2017
410,The Night House,the-night-house-2020,2020
411,The Innocents,the-innocents-2021,2021
412,The Damned,the-damned-2025,2025
413,Den of Thieves 2: Pantera+3:3,den-of-thieves-2-pantera-2025,2025
414,Extremely Unique Dynamic,extremely-unique-dynamic-2025,2025
415,Laws of Man,laws-of-man-2025,2025
416,Man with No Past,man-with-no-past-2025,2025
417,Riley,riley-2025,2025
418,One of Them Days,one-of-them-days-2025,2025
419,Wolf Man,wolf-man-2025,2025
420,Back in Action,back-in-action-2025,2025
421,Alarum,alarum-2025,2025
422,Henry Danger: The Movie,henry-danger-the-movie-2025,2025
423,Wish You Were Here,wish-you-were-here-2025,2025
424,Both Eyes Open,both-eyes-open-2025,2025
425,Werewolf Game,werewolf-game-2025,2025
426,Marked Men: Rule + Shaw,marked-men-rule-shaw-2025,2025
427,Flight Risk,flight-risk-2025,2025
428,Presence,presence-2025,2025
429,Star Trek: Section 31,star-trek-section-31-2025,2025
430,Inheritance,inheritance-2025,2025
431,Brave the Dark,brave-the-dark-2025,2025
432,Into the Deep,into-the-deep-2025,2025
433,Bau: Artist at War,bau-artist-at-war-2025,2025
434,Failure!,failure-2025,2025
435,You're Cordially Invited,youre-cordially-invited-2025,2025
436,Dog Man,dog-man-2025,2025
437,Companion,companion-2025,2025
438,Valiant One,valiant-one-2025,2025
439,Love Me,love-me-2025,2025
440,Like Father Like Son,like-father-like-son-2025,2025
441,Green and Gold,green-and-gold-2025,2025
442,Round the Decay,round-the-decay-2025,2025
443,The Devil and the Daylong Brothers,the-devil-and-the-daylong-brothers-2025,2025
444,Good Bad Things,good-bad-things-2025,2025
445,Kinda Pregnant,kinda-pregnant-2025,2025
446,Heart Eyes,heart-eyes-2025,2025
447,Love Hurts,love-hurts-2025,2025
448,Jazzy,jazzy-2025,2025
449,I Love You Forever,i-love-you-forever-2025,2025
450,Renner,renner-2025,2025
451,When I'm Ready,when-im-ready-2025,2025
452,The Witcher: Sirens of the Deep,the-witcher-sirens-of-the-deep-2025,2025
453,Bridget Jones: Mad About the Boy,bridget-jones-mad-about-the-boy-2025,2025
454,La Dolce Villa,la-dolce-villa-2025,2025
455,Captain America: Brave New World,captain-america-brave-new-world-2025,2025
456,The Gorge,the-gorge-2025,2025
457,The Long Game,the-long-game-2025,2025
458,The Dead Thing,the-dead-thing-2025,2025
459,Rounding,rounding-2025,2025
460,One Night in Tokyo,one-night-in-tokyo-2025,2025
461,The Monkey,the-monkey-2025,2025
462,The Unbreakable Boy,the-unbreakable-boy-2025,2025
463,Millers in Marriage,millers-in-marriage-2025,2025
464,Old Guy,old-guy-2025,2025
465,Lifeline,lifeline-2025,2025
466,The Buildout,the-buildout-2025,2025
467,Last Breath,last-breath-2025,2025
468,Riff Raff,riff-raff-2025,2025
469,My Dead Friend Zoe,my-dead-friend-zoe-2025,2025
470,Cold Wallet,cold-wallet-2025,2025
471,No Address,no-address-2025,2025
472,Uppercut,uppercut-2025,2025
473,The Accidental Getaway Driver,the-accidental-getaway-driver-2025,2025
474,Mickey 17,mickey-17-2025,2025
475,The Electric State,the-electric-state-2025,2025
476,In the Lost Lands,in-the-lost-lands-2025,2025
477,Plankton: The Movie,plankton-the-movie-2025,2025
478,On Becoming a Guinea Fowl,on-becoming-a-guinea-fowl-2025,2025
479,F*** Marry Kill,f-marry-kill-2025,2025
480,Eephus,eephus-2025,2025
481,Queen of the Ring,queen-of-the-ring-2025,2025
482,Rule Breakers,rule-breakers-2025,2025
483,Bloat,bloat-2025,2025
484,The Parenting,the-parenting-2025,2025
485,Control Freak,control-freak-2025,2025
486,Black Bag,black-bag-2025,2025
487,Novocaine,novocaine-2025,2025
488,Opus,opus-2025,2025
489,The Actor,the-actor-2025,2025
490,Borderline,borderline-2025,2025
491,The World Will Tremble,the-world-will-tremble-2025,2025
492,High Rollers,high-rollers-2025,2025
493,The Last Supper,the-last-supper-2025,2025
494,Batman Ninja vs. Yakuza League,batman-ninja-vs-yakuza-league-2025,2025
495,O'Dessa,odessa-2025,2025
496,Duplicity,duplicity-2025,2025
497,Snow White,snow-white-2025,2025
498,The Alto Knights,the-alto-knights-2025,2025
499,Ash,ash-2025,2025
500,The Assessment,the-assessment-2025,2025
501,Bob Trevino Likes It,bob-trevino-likes-it-2025,2025
502,Magazine Dreams,magazine-dreams-2025,2025
503,Locked,locked-2025,2025
504,McVeigh,mcveigh-2025,2025
505,Baby Invasion,baby-invasion-2025,2025
506,Popeye the Slayer Man,popeye-the-slayer-man-2025,2025
507,Appalachian Dog,appalachian-dog-2025,2025
508,To Die Alone,to-die-alone-2025,2025
509,Holland,holland-2025,2025
510,A Working Man,a-working-man-2025,2025
511,The Woman in the Yard,the-woman-in-the-yard-2025,2025
512,Death of a Unicorn,death-of-a-unicorn-2025,2025
513,"Alexander and the Terrible, Horrible, No Good, Very Bad Road Trip",alexander-and-the-terrible-horrible-no-good-very-bad-road-trip-2025,2025
514,The Friend,the-friend-2025,2025
515,The Life List,the-life-list-2025,2025
516,Day of Reckoning,day-of-reckoning-2025,2025
517,Black Heat,black-heat-2025,2025
518,Sew Torn,sew-torn-2025,2025
519,Screamboat,screamboat-2025,2025
520,A Minecraft Movie,a-minecraft-movie-2025,2025
521,Freaky Tales,freaky-tales-2025,2025
522,Hell of a Summer,hell-of-a-summer-2025,2025
523,The Luckiest Man in America,the-luckiest-man-in-america-2025,2025
524,Eric Larue,eric-larue-2025,2025
525,Psycho Therapy: The Shallow Tale of a Writer Who Decided to Write About a Serial Killer,psycho-therapy-the-shallow-tale-of-a-writer-who-decided-to-write-about-a-serial-killer-2025,2025
526,A Nice Indian Boy,a-nice-indian-boy-2025,2025
527,Gazer,gazer-2025,2025
528,825 Forest Road,825-forest-road-2025,2025
529,V13,v13-2025,2025
530,G20,g20-2025,2025
531,The Amateur,the-amateur-2025,2025
532,The King of Kings,the-king-of-kings-2025,2025
533,Drop,drop-2025,2025
534,Warfare,warfare-2025,2025
535,Gunslingers,gunslingers-2025,2025
536,Sacramento,sacramento-2025,2025
537,Home Sweet Home Rebirth,home-sweet-home-rebirth-2025,2025
538,The Uninvited,the-uninvited-2025,2025
539,Zero,zero-2025,2025
540,The Big Bend,the-big-bend-2025,2025
541,Dreaming of You,dreaming-of-you-2025,2025
542,Sinners,sinners-2025,2025
543,Sneaks,sneaks-2025,2025
544,The Legend of Ochi,the-legend-of-ochi-2025,2025
545,The Wedding Banquet,the-wedding-banquet-2025,2025
546,The Accountant 2,the-accountant-2-2025,2025
547,Until Dawn,until-dawn-2025,2025
548,Havoc,havoc-2025,2025
549,On Swift Horses,on-swift-horses-2025,2025
550,Winter Spring Summer or Fall,winter-spring-summer-or-fall-2025,2025
551,Neighborhood Watch,neighborhood-watch-2025,2025
552,Magic Farm,magic-farm-2025,2025
553,California King,california-king-2025,2025
554,Project MKHEXE,project-mkhexe-2025,2025
555,Another Simple Favor,another-simple-favor-2025,2025
556,Thunderbolts*,thunderbolts-2025,2025
557,Pavements,pavements-2025,2025
558,Words of War,words-of-war-2025,2025
559,I'm Beginning to See the Light,im-beginning-to-see-the-light-2025,2025
560,Rosario,rosario-2025,2025
561,Rust,rust-2025,2025
562,Vulcanizadora,vulcanizadora-2025,2025
563,Electra,electra-2025,2025
564,The Death of Snow White,the-death-of-snow-white-2025,2025
565,Broke,broke-2025,2025
566,Shadow Force,shadow-force-2025,2025
567,Fight or Flight,fight-or-flight-2025,2025
568,Friendship,friendship-2025,2025
569,Nonnas,nonnas-2025,2025
570,Clown in a Cornfield,clown-in-a-cornfield-2025,2025
571,Unit 234,unit-234-2025,2025
572,Summer of 69,summer-of-69-2025,2025
573,Absolute Dominion,absolute-dominion-2025,2025
574,Lilly,lilly-2025,2025
575,Final Destination Bloodlines,final-destination-bloodlines-2025,2025
576,Hurry Up Tomorrow,hurry-up-tomorrow-2025,2025
577,A Breed Apart,a-breed-apart-2025,2025
578,To Live and Die and Live,to-live-and-die-and-live-2025,2025
579,The Ruse,the-ruse-2025,2025
580,Mission: Impossible – The Final Reckoning,mission-impossible-the-final-reckoning-2025,2025
581,Fountain of Youth,fountain-of-youth-2025,2025
582,Fear Street: Prom Queen,fear-street-prom-queen-2025,2025
583,The Last Rodeo,the-last-rodeo-2025,2025
584,Bad Shabbos,bad-shabbos-2025,2025
585,The Surrender,the-surrender-2025,2025
586,Karate Kid: Legends,karate-kid-legends-2025,2025
587,The Phoenician Scheme,the-phoenician-scheme-2025,2025
588,Tim Travers and the Time Traveler's Paradox,tim-travers-and-the-time-travelers-paradox-2025,2025
589,Mountainhead,mountainhead-2025,2025
590,Ballerina,ballerina-2025,2025
591,The Life of Chuck,the-life-of-chuck-2025,2025
592,Predator: Killer of Killers,predator-killer-of-killers-2025,2025
593,Echo Valley,echo-valley-2025,2025
594,The Ritual,the-ritual-2025,2025
595,Straw,straw-2025,2025
596,I Don't Understand You,i-dont-understand-you-2025,2025
597,Dangerous Animals,dangerous-animals-2025,2025
598,How to Train Your Dragon,how-to-train-your-dragon-2025,2025
599,Materialists,materialists-2025,2025
600,Diablo,diablo-2025,2025
601,The Unholy Trinity,the-unholy-trinity-2025,2025
602,Elio,elio-2025,2025
603,28 Years Later,28-years-later-2025,2025
604,KPop Demon Hunters,kpop-demon-hunters-2025,2025
605,Everything's Going to Be Great,everythings-going-to-be-great-2025,2025
606,Bride Hard,bride-hard-2025,2025
607,Eye for an Eye,eye-for-an-eye-2025,2025
608,Familiar Touch,familiar-touch-2025,2025
609,Alma and the Wolf,alma-and-the-wolf-2025,2025
610,The Harvest,the-harvest-2025,2025
611,Don't Tell Larry,dont-tell-larry-2025,2025
612,F1,f1-2025,2025
613,M3GAN 2.0,m3gan-2-0-2025,2025
614,"Sorry, Baby",sorry-baby-2025,2025
615,Off the Grid,off-the-grid-2025,2025
616,Ice Road: Vengeance,ice-road-vengeance-2025,2025
617,Ponyboi,ponyboi-2025,2025
618,Please Don't Feed the Children,please-dont-feed-the-children-2025,2025
619,Stealing Pulp Fiction,stealing-pulp-fiction-2025,2025
620,The Sound,the-sound-2025,2025
621,Jurassic World Rebirth,jurassic-world-rebirth-2025,2025
622,The Old Guard 2,the-old-guard-2-2025,2025
623,Heads of State,heads-of-state-2025,2025
624,Dora and the Search for Sol Dorado,dora-and-the-search-for-sol-dorado-2025,2025
625,Long Distance,long-distance-2025,2025
626,Pretty Thing,pretty-thing-2025,2025
627,Zombies 4: Dawn of the Vampires,zombies-4-dawn-of-the-vampires-2025,2025
628,Superman,superman-2025,2025
629,Madea's Destination Wedding,madeas-destination-wedding-2025,2025
630,Sovereign,sovereign-2025,2025
631,Skillhouse,skillhouse-2025,2025
632,I Know What You Did Last Summer,i-know-what-you-did-last-summer-2025,2025
633,Smurfs,smurfs-2025,2025
634,Eddington,eddington-2025,2025
635,Atrabilious,atrabilious-2025,2025
636,Guns Up,guns-up-2025,2025
637,Saint Clare,saint-clare-2025,2025
638,Ick,ick-2025,2025
639,The Fantastic Four: First Steps,the-fantastic-four-first-steps-2025,2025
640,Happy Gilmore 2,happy-gilmore-2-2025,2025
641,The Home,the-home-2025,2025
642,"Oh, Hi!",oh-hi-2025,2025
643,Osiris,osiris-2025,2025
644,Et Tu,et-tu-2025,2025
645,Snorkeling,snorkeling-2025,2025
646,Star People,star-people-2025,2025
647,The A-Frame,the-a-frame-2025,2025
648,Together,together-2025,2025
649,War of the Worlds,war-of-the-worlds-2025,2025
650,The Bad Guys 2,the-bad-guys-2-2025,2025
651,"You, Me & Her",you-me-and-her-2025,2025
652,Juliet & Romeo,juliet-and-romeo-2025,2025
653,Lilo & Stitch,lilo-and-stitch-2025,2025
654,Guns & Moses,guns-and-moses-2025,2025
655,The Naked Gun,the-naked-gun-2025,2025
656,She Rides Shotgun,she-rides-shotgun-2025,2025
657,Queen of Bones,queen-of-bones-2025,2025
658,My Oxford Year,my-oxford-year-2025,2025
659,Trouble Man,trouble-man-2025,2025
660,Sketch,sketch-2025,2025
661,Holy Ghost,holy-ghost-2025,2025
662,The Pickup,the-pickup-2025,2025
663,Weapons,weapons-2025,2025
664,Freakier Friday,freakier-friday-2025,2025
665,My Mother's Wedding,my-mothers-wedding-2025,2025
666,Strange Harvest,strange-harvest-2025,2025
667,What We Hide,what-we-hide-2025,2025
668,The Occupant,the-occupant-2025,2025
669,Site,site-2025,2025
670,Boys Go to Jupiter,boys-go-to-jupiter-2025,2025
671,Fixed,fixed-2025,2025
672,Red Sonja,red-sonja-2025,2025
673,Nobody 2,nobody-2-2025,2025
674,Americana,americana-2025,2025
675,Highest 2 Lowest,highest-2-lowest-2025,2025
676,Night Always Comes,night-always-comes-2025,2025
677,The Knife,the-knife-2025,2025
678,East of Wall,east-of-wall-2025,2025
679,Under Fire,under-fire-2025,2025
680,Descendent,descendent-2025,2025
681,Witchboard,witchboard-2025,2025
682,Jimmy and Stiggs,jimmy-and-stiggs-2025,2025
683,A Spartan Dream,a-spartan-dream-2025,2025
684,The Map That Leads to You,the-map-that-leads-to-you-2025,2025
685,Hell House LLC: Lineage,hell-house-llc-lineage-2025,2025
686,Honey Don't!,honey-dont-2025,2025
687,Eenie Meanie,eenie-meanie-2025,2025
688,Eden,eden-2025,2025
689,Relay,relay-2025,2025
690,Splitsville,splitsville-2025,2025
691,Afterburn,afterburn-2025,2025
692,Lurker,lurker-2025,2025
693,Trust,trust-2025,2025
694,We Strangers,we-strangers-2025,2025
695,The Workout,the-workout-2025,2025
696,The Thursday Murder Club,the-thursday-murder-club-2025,2025
697,Caught Stealing,caught-stealing-2025,2025
698,The Roses,the-roses-2025,2025
699,The Toxic Avenger,the-toxic-avenger-2025,2025
700,Griffin in Summer,griffin-in-summer-2025,2025
701,A Little Prayer,a-little-prayer-2025,2025
702,"Love, Brooklyn",love-brooklyn-2025,2025
703,Sanatorium Under the Sign of the Hourglass,sanatorium-under-the-sign-of-the-hourglass-2025,2025
704,The Conjuring: Last Rites,the-conjuring-last-rites-2025,2025
705,Twinless,twinless-2025,2025
706,The Threesome,the-threesome-2025,2025
707,Preparation for the Next Life,preparation-for-the-next-life-2025,2025
708,The Cut,the-cut-2025,2025
709,Bad Man,bad-man-2025,2025
710,The Baltimorons,the-baltimorons-2025,2025
711,Pools,pools-2025,2025
712,Light of the World,light-of-the-world-2025,2025
713,The Devil's Disciples,the-devils-disciples-2025,2025
714,The Fetus,the-fetus-2025,2025
715,Downton Abbey: The Grand Finale,downton-abbey-the-grand-finale-2025,2025
716,The Long Walk,the-long-walk-2025,2025
717,Spinal Tap II: The End Continues,spinal-tap-ii-the-end-continues-2025,2025
718,The History of Sound,the-history-of-sound-2025,2025
719,Tin Soldier,tin-soldier-2025,2025
720,The Wrong Paris,the-wrong-paris-2025,2025
721,Looking Through Water,looking-through-water-2025,2025
722,Rabbit Trap,rabbit-trap-2025,2025
723,Code 3,code-3-2025,2025
724,Traumatika,traumatika-2025,2025
725,The Man in My Basement,the-man-in-my-basement-2025,2025
726,Sunfish (& Other Stories on Green Lake),sunfish-and-other-stories-on-green-lake-2025,2025
727,Him,him-2025,2025
728,A Big Bold Beautiful Journey,a-big-bold-beautiful-journey-2025,2025
729,The Lost Bus,the-lost-bus-2025,2025
730,The Senior,the-senior-2025,2025
731,Swiped,swiped-2025,2025
732,Waltzing with Brando,waltzing-with-brando-2025,2025
733,Adulthood,adulthood-2025,2025
734,London Calling,london-calling-2025,2025
735,The Summer Book,the-summer-book-2025,2025
736,Prisoner of War,prisoner-of-war-2025,2025
737,Doin' It,doin-it-2025,2025
738,Plainclothes,plainclothes-2025,2025
739,American Sweatshop,american-sweatshop-2025,2025
740,Night of the Reaper,night-of-the-reaper-2025,2025
741,Xeno,xeno-2025,2025
742,One Battle After Another,one-battle-after-another-2025,2025
743,Gabby's Dollhouse: The Movie,gabbys-dollhouse-the-movie-2025,2025
744,The Strangers – Chapter 2,the-strangers-chapter-2-2025,2025
745,Stolen Girl,stolen-girl-2025,2025
746,Eleanor the Great,eleanor-the-great-2025,2025
747,All of You,all-of-you-2025,2025
748,Dead of Winter,dead-of-winter-2025,2025
749,All the Devils Are Here,all-the-devils-are-here-2025,2025
750,Ruth & Boaz,ruth-and-boaz-2025,2025
751,Sincerely Saul,sincerely-saul-2025,2025
752,Play Dirty,play-dirty-2025,2025
753,The Smashing Machine,the-smashing-machine-2025,2025
754,Anemone,anemone-2025,2025
755,Good Boy,good-boy-2025,2025
756,Shell,shell-2025,2025
757,Bone Lake,bone-lake-2025,2025
758,Coyotes,coyotes-2025,2025
759,Killing Faith,killing-faith-2025,2025
760,Chaperone,chaperone-2025,2025
761,Bad Men Must Bleed,bad-men-must-bleed-2025,2025
762,Maintenance Required,maintenance-required-2025,2025
763,Tron: Ares,tron-ares-2025,2025
764,Roofman,roofman-2025,2025
765,After the Hunt,after-the-hunt-2025,2025
766,Soul on Fire,soul-on-fire-2025,2025
767,Kiss of the Spider Woman,kiss-of-the-spider-woman-2025,2025
768,A House of Dynamite,a-house-of-dynamite-2025,2025
769,The Woman in Cabin 10,the-woman-in-cabin-10-2025,2025
770,Vicious,vicious-2025,2025
771,If I Had Legs I'd Kick You,if-i-had-legs-id-kick-you-2025,2025
772,Fairyland,fairyland-2025,2025
773,Deathstalker,deathstalker-2025,2025
774,Re-Election,re-election-2025,2025
775,The Family McMullen,the-family-mcmullen-2025,2025
776,Black Phone 2,black-phone-2-2025,2025
777,Good Fortune,good-fortune-2025,2025
778,Frankenstein,frankenstein-2025,2025
779,The Twits,the-twits-2025,2025
780,Truth & Treason,truth-and-treason-2025,2025
781,Blue Moon,blue-moon-2025,2025
782,The Mastermind,the-mastermind-2025,2025
783,The Astronaut,the-astronaut-2025,2025
784,The Wilderness,the-wilderness-2025,2025
785,Fuck My Son!,fuck-my-son-2025,2025
786,Hedda,hedda-2025,2025
787,The Hand That Rocks the Cradle,the-hand-that-rocks-the-cradle-2025,2025
788,Regretting You,regretting-you-2025,2025
789,Springsteen: Deliver Me from Nowhere,springsteen-deliver-me-from-nowhere-2025,2025
790,Bugonia,bugonia-2025,2025
791,Shelby Oaks,shelby-oaks-2025,2025
792,Last Days,last-days-2025,2025
793,Queens of the Dead,queens-of-the-dead-2025,2025
794,In Our Blood,in-our-blood-2025,2025
795,Anniversary,anniversary-2025,2025
796,Self-Help,self-help-2025,2025
797,Nouvelle Vague,nouvelle-vague-2025,2025
798,Violent Ends,violent-ends-2025,2025
799,The Wrecker,the-wrecker-2025,2025
800,Safe House,safe-house-2025,2025
801,Messy,messy-2025,2025
802,Joy to the World,joy-to-the-world-2025,2025
803,Icefall,icefall-2025,2025
804,Finding Joy,finding-joy-2025,2025
805,The Christmas Ring,the-christmas-ring-2025,2025
806,Predator: Badlands,predator-badlands-2025,2025
807,Nuremberg,nuremberg-2025,2025
808,Sarah's Oil,sarahs-oil-2025,2025
809,Die My Love,die-my-love-2025,2025
810,Christy,christy-2025,2025
811,Train Dreams,train-dreams-2025,2025
812,In Your Dreams,in-your-dreams-2025,2025
813,I Wish You All the Best,i-wish-you-all-the-best-2025,2025
814,Stone Cold Fox,stone-cold-fox-2025,2025
815,The Beldham,the-beldham-2025,2025
816,Exit Protocol,exit-protocol-2025,2025
817,All That We Love,all-that-we-love-2025,2025
818,Long Shadows,long-shadows-2025,2025
819,Unexpected Christmas,unexpected-christmas-2025,2025
820,Peter Hujar's Day,peter-hujars-day-2025,2025
821,A Merry Little Ex-Mas,a-merry-little-ex-mas-2025,2025
822,Playdate,playdate-2025,2025
823,Now You See Me: Now You Don't,now-you-see-me-now-you-dont-2025,2025
824,The Running Man,the-running-man-2025,2025
825,Keeper,keeper-2025,2025
826,Jay Kelly,jay-kelly-2025,2025
827,Trap House,trap-house-2025,2025
828,Arco,arco-2025,2025
829,A Very Jonas Christmas Movie,a-very-jonas-christmas-movie-2025,2025
830,Rebuilding,rebuilding-2025,2025
831,The Carpenter's Son,the-carpenters-son-2025,2025
832,Left-Handed Girl,left-handed-girl-2025,2025
833,King Ivory,king-ivory-2025,2025
834,The Perfect Gamble,the-perfect-gamble-2025,2025
835,Bull Run,bull-run-2025,2025
836,Murder at the Embassy,murder-at-the-embassy-2025,2025
837,Run,run-2025,2025
838,Muzzle: City of Wolves,muzzle-city-of-wolves-2025,2025
839,Bunny,bunny-2025,2025
840,Killer Rental,killer-rental-2025,2025
841,Champagne Problems,champagne-problems-2025,2025
842,Wicked: For Good,wicked-for-good-2025,2025
843,Sisu: Road to Revenge,sisu-road-to-revenge-2025,2025
844,Rental Family,rental-family-2025,2025
845,The Family Plan 2,the-family-plan-2-2025,2025
846,Blue Eyed Girl,blue-eyed-girl-2025,2025
847,Reverence,reverence-2025,2025
848,Altered,altered-2025,2025
849,Wildcat,wildcat-2025,2025
850,The Best You Can,the-best-you-can-2025,2025
851,Blood Star,blood-star-2025,2025
852,Zootopia 2,zootopia-2-2025,2025
853,Wake Up Dead Man,wake-up-dead-man-2025,2025
854,Hamnet,hamnet-2025,2025
855,Eternity,eternity-2025,2025
856,Jingle Bell Heist,jingle-bell-heist-2025,2025
857,Outerlands,outerlands-2025,2025
858,Aftershock: The Nicole P Bell Story,aftershock-the-nicole-p-bell-story-2025,2025
859,Stone Creek Killer,stone-creek-killer-2025,2025
860,Savage Hunt,savage-hunt-2025,2025
861,Oh. What. Fun.,oh-what-fun-2025,2025
862,My Secret Santa,my-secret-santa-2025,2025
863,Five Nights at Freddy's 2,five-nights-at-freddys-2-2025,2025
864,Kill Bill: The Whole Bloody Affair,kill-bill-the-whole-bloody-affair-2025,2025
865,Merrily We Roll Along,merrily-we-roll-along-2025,2025
866,Fackham Hall,fackham-hall-2025,2025
867,Diary of a Wimpy Kid: The Last Straw,diary-of-a-wimpy-kid-the-last-straw-2025,2025
868,100 Nights of Hero,100-nights-of-hero-2025,2025
869,The Chronology of Water,the-chronology-of-water-2025,2025
870,Rosemead,rosemead-2025,2025
871,Frontier Crucible,frontier-crucible-2025,2025
872,Hunting Season,hunting-season-2025,2025
873,Man Finds Tape,man-finds-tape-2025,2025
874,Speed Train,speed-train-2025,2025
875,Merv,merv-2025,2025
876,It Ends,it-ends-2025,2025
877,"The Mother, the Menacer, and Me",the-mother-the-menacer-and-me-2025,2025
878,Ella McCay,ella-mccay-2025,2025
879,"Silent Night, Deadly Night",silent-night-deadly-night-2025,2025
880,Dust Bunny,dust-bunny-2025,2025
881,Goodbye June,goodbye-june-2025,2025
882,Atropia,atropia-2025,2025
883,Pose,pose-2025,2025
884,Turbulence,turbulence-2025,2025
885,Not Without Hope,not-without-hope-2025,2025
886,Influencers,influencers-2025,2025
887,Saving Buddy Charles,saving-buddy-charles-2025,2025
888,Avatar: Fire and Ash,avatar-fire-and-ash-2025,2025
889,The SpongeBob Movie: Search for SquarePants,the-spongebob-movie-search-for-squarepants-2025,2025
890,The Housemaid,the-housemaid-2025,2025
891,Is This Thing On?,is-this-thing-on-2025,2025
892,David,david-2025,2025
893,The Demoness,the-demoness-2025,2025
894,Father Mother Sister Brother,father-mother-sister-brother-2025,2025
895,The Plague,the-plague-2025,2025
896,Anaconda,anaconda-2025,2025
897,Song Sung Blue,song-sung-blue-2025,2025
898,Marty Supreme,marty-supreme-2025,2025
899,The Testament of Ann Lee,the-testament-of-ann-lee-2025,2025
900,Continuance,continuance-2025,2025
